Year,County,NCICCode,Violent_sum,Homicide_sum,ForRape_sum,Robbery_sum,AggAssault_sum,Property_sum,Burglary_sum,VehicleTheft_sum,LTtotal_sum,ViolentClr_sum,HomicideClr_sum,ForRapeClr_sum,RobberyClr_sum,AggAssaultClr_sum,PropertyClr_sum,BurglaryClr_sum,VehicleTheftClr_sum,LTtotalClr_sum,TotalStructural_sum,TotalMobile_sum,TotalOther_sum,GrandTotal_sum,GrandTotClr_sum,RAPact_sum,ARAPact_sum,FROBact_sum,KROBact_sum,OROBact_sum,SROBact_sum,HROBnao_sum,CHROBnao_sum,GROBnao_sum,CROBnao_sum,RROBnao_sum,BROBnao_sum,MROBnao_sum,FASSact_sum,KASSact_sum,OASSact_sum,HASSact_sum,FEBURact_Sum,UBURact_sum,RESDBUR_sum,RNBURnao_sum,RDBURnao_sum,RUBURnao_sum,NRESBUR_sum,NNBURnao_sum,NDBURnao_sum,NUBURnao_sum,MVTact_sum,TMVTact_sum,OMVTact_sum,PPLARnao_sum,PSLARnao_sum,SLLARnao_sum,MVLARnao_sum,MVPLARnao_sum,BILARnao_sum,FBLARnao_sum,COMLARnao_sum,AOLARnao_sum,LT400nao_sum,LT200400nao_sum,LT200nao_sum,LT50200nao_sum,LT50nao_sum
1985,Los Angeles County,Glendora,192,1,10,48,133,1392,490,86,816,131,1,4,24,102,248,93,15,140,3,1,7,11,0,7,3,28,3,2,15,4,6,2,10,4,10,12,11,6,28,88,318,172,328,95,161,72,162,110,27,25,51,18,17,0,1,75,214,82,124,166,4,150,197,143,,277,199
1986,Los Angeles County,Glendora,335,0,6,42,287,1359,447,105,807,237,0,2,18,217,292,89,18,185,6,3,2,11,1,4,2,23,4,4,11,9,1,1,17,2,5,7,13,11,51,212,296,151,284,76,145,63,163,92,24,47,58,35,12,2,11,107,240,71,80,151,5,140,221,157,,224,205
1987,Los Angeles County,Glendora,287,3,12,38,234,1183,340,127,716,224,2,9,16,197,274,71,53,150,7,1,2,10,1,10,2,17,2,0,19,11,6,5,5,3,4,4,12,7,61,154,192,148,243,73,118,52,97,58,13,26,68,39,20,1,4,75,120,141,76,142,6,151,200,113,,206,197
1988,Los Angeles County,Glendora,149,0,7,44,98,1318,377,164,777,93,0,5,17,71,261,56,56,149,4,3,4,11,2,6,1,25,0,1,18,9,12,3,6,2,5,7,6,7,58,27,215,162,260,57,117,86,117,58,14,45,93,61,10,2,5,98,130,160,92,159,3,128,208,146,,206,217
1989,Los Angeles County,Glendora,151,0,5,47,99,1561,415,169,977,113,0,4,24,85,387,110,40,237,7,1,2,10,6,5,0,25,3,5,14,6,16,2,2,7,11,3,14,15,44,26,214,201,269,51,140,78,146,75,24,47,101,57,11,0,7,137,156,250,132,158,8,129,252,188,,259,278
1990,Los Angeles County,Glendora,198,1,13,49,135,1530,409,175,946,137,1,9,22,105,367,105,48,214,5,2,0,7,3,13,0,25,9,3,12,13,16,4,3,3,6,4,20,16,51,48,247,162,251,53,131,67,158,100,16,42,83,75,17,0,3,134,189,218,123,143,5,131,247,182,,231,286
1991,Los Angeles County,Glendora,198,0,8,59,131,1512,404,167,941,136,0,8,29,99,281,56,43,182,8,4,8,20,5,8,0,27,3,8,21,15,14,2,1,8,16,3,9,9,67,46,251,153,232,52,121,59,172,105,12,55,100,50,17,2,1,70,164,205,144,164,0,191,272,191,,236,242
1992,Los Angeles County,Glendora,182,1,10,57,114,1545,425,169,951,105,0,6,22,77,252,49,47,156,7,4,10,21,3,8,2,33,4,5,15,13,16,3,0,4,18,3,16,11,45,42,256,169,277,58,135,84,148,85,20,43,102,47,20,1,1,77,181,221,120,153,10,187,280,195,,223,253
1993,Los Angeles County,Glendora,154,0,13,46,95,1741,474,191,1076,77,0,9,16,52,248,64,32,152,2,4,1,7,2,12,1,28,2,2,14,10,10,4,5,4,9,4,14,19,43,19,267,207,306,85,132,89,168,86,18,64,127,53,11,0,2,79,241,213,181,208,7,145,341,204,,269,262
1994,Los Angeles County,Glendora,159,3,6,56,94,1694,436,190,1068,83,1,5,13,64,290,71,35,184,2,3,2,7,1,3,3,29,3,4,20,19,14,2,6,1,8,6,14,12,54,14,253,183,289,91,107,91,147,76,11,60,106,69,15,1,2,84,318,195,165,145,6,152,275,240,,247,306
1995,Los Angeles County,Glendora,141,0,11,56,74,1446,343,174,929,97,1,9,21,66,322,86,35,201,3,2,6,11,3,8,3,18,5,3,30,22,21,1,5,4,2,1,12,6,44,12,196,147,213,53,81,79,130,64,25,41,104,63,7,1,4,95,245,166,84,150,4,180,238,162,,253,276
1996,Los Angeles County,Glendora,148,1,7,53,87,1261,266,147,848,87,0,4,24,59,298,60,19,219,6,1,5,12,4,6,1,21,2,1,29,22,14,0,1,3,8,5,9,9,44,25,150,116,174,49,66,59,92,55,12,25,81,53,13,1,0,168,196,158,82,106,4,133,218,160,,188,282
1997,Los Angeles County,Glendora,101,1,8,39,53,1038,230,94,714,73,1,9,18,45,243,55,19,169,2,1,3,6,3,7,1,10,5,2,22,15,11,2,2,4,1,4,2,9,24,18,113,117,155,36,70,49,75,38,19,18,52,40,2,0,3,112,157,118,64,93,11,156,190,95,,215,214
1998,Los Angeles County,Glendora,123,0,8,30,85,1017,234,116,667,81,0,7,12,62,206,39,15,152,5,0,8,13,5,7,1,13,1,3,13,9,14,0,2,1,2,2,3,16,49,17,140,94,152,47,58,47,82,47,9,26,72,35,9,1,2,90,168,89,65,127,11,114,188,121,,164,194
1999,Los Angeles County,Glendora,106,0,5,40,61,974,211,80,683,73,0,1,17,55,248,42,13,193,6,4,3,13,7,3,2,11,4,4,21,12,14,2,1,5,4,2,2,13,32,14,114,97,138,41,61,36,73,46,11,16,51,26,3,2,0,111,196,91,49,113,2,119,185,112,,187,199
2000,Los Angeles County,Glendora,86,2,5,28,51,907,140,96,671,49,2,4,5,38,198,28,22,148,4,0,4,8,3,5,0,11,1,1,15,2,6,1,2,5,3,9,2,9,24,16,87,53,101,23,57,21,39,10,11,18,77,17,2,0,1,106,176,51,48,118,13,158,170,120,,192,189
2001,Los Angeles County,Glendora,107,0,9,36,62,1065,186,118,761,57,0,4,7,46,204,32,16,156,5,1,1,7,0,9,0,17,3,4,12,6,7,0,0,5,5,13,3,4,28,27,109,77,122,17,54,51,64,11,7,46,78,37,3,0,3,107,228,70,33,163,8,149,216,146,,179,220
2002,Los Angeles County,Glendora,84,3,14,28,39,1169,221,127,821,49,3,7,11,28,281,37,22,222,3,0,4,7,3,13,1,12,3,3,10,10,8,0,0,2,0,8,4,8,21,6,134,87,114,14,31,69,107,29,14,64,85,35,7,2,3,127,265,107,24,142,10,141,218,133,,207,263
2003,Los Angeles County,Glendora,76,0,5,29,42,1248,202,125,921,51,0,4,13,34,265,34,35,196,1,3,2,6,2,4,1,15,4,0,10,7,13,0,1,4,0,4,2,6,24,10,118,84,107,31,40,36,95,46,14,35,86,31,8,3,4,91,337,89,50,168,4,175,300,148,,222,251
2004,Los Angeles County,Glendora,73,0,5,42,26,1305,228,169,908,51,0,11,21,19,387,56,66,265,6,1,1,8,1,4,1,15,4,3,20,13,8,2,3,4,2,10,5,6,9,6,134,94,138,29,59,50,90,44,18,28,144,16,9,4,6,134,253,79,36,196,16,184,261,175,,213,259
2005,Los Angeles County,Glendora,56,0,5,24,27,1265,183,128,954,34,0,6,5,23,338,36,60,242,5,0,3,8,6,4,1,11,4,1,8,7,6,1,0,4,0,6,1,12,9,5,113,70,113,19,65,29,70,45,7,18,96,26,6,2,5,153,371,54,34,130,13,192,270,177,,247,260
2006,Los Angeles County,Glendora,73,3,2,22,46,1438,205,123,1110,49,3,2,4,40,362,38,26,298,5,0,14,19,8,1,1,10,3,2,7,4,6,1,1,4,0,6,7,6,20,13,120,85,128,32,56,40,77,43,7,27,88,29,6,1,4,126,482,58,38,140,14,247,406,215,,228,261
2007,Los Angeles County,Glendora,83,1,9,32,41,1494,218,103,1173,58,2,8,12,36,410,39,27,344,2,0,14,16,6,7,2,14,2,2,14,10,10,1,0,4,1,6,3,10,14,14,154,64,135,29,74,32,83,44,14,25,70,23,10,5,8,155,413,79,40,196,3,274,417,220,,221,315
2008,Los Angeles County,Glendora,68,1,3,27,37,1421,236,100,1085,57,1,3,19,34,391,64,23,304,2,0,2,4,1,3,0,8,1,2,16,4,8,0,0,4,1,10,3,11,11,12,128,108,175,35,84,56,61,39,7,15,75,14,11,4,4,164,336,74,45,202,6,250,399,215,,213,258
2009,Los Angeles County,Glendora,58,1,7,28,22,1279,178,75,1026,41,1,5,13,22,355,38,27,290,0,0,1,1,1,6,1,7,4,2,15,5,12,0,0,2,1,8,2,4,7,9,123,55,110,30,55,25,68,47,4,17,60,8,7,1,6,201,350,56,38,142,1,231,349,197,,235,245
2010,Los Angeles County,Glendora,62,0,9,24,29,1249,228,75,946,47,0,8,13,26,350,45,14,291,4,1,4,9,2,8,1,8,2,1,13,7,7,0,0,2,1,7,0,5,12,12,152,76,170,21,94,55,58,32,8,18,60,10,5,1,6,208,257,46,42,136,6,244,314,193,,201,238
2011,Los Angeles County,Glendora,65,0,7,35,23,1309,185,56,1068,47,0,4,25,18,368,36,19,313,2,0,0,2,1,5,2,10,1,3,21,10,17,0,0,3,1,4,0,2,12,9,118,67,132,30,63,39,53,26,7,20,47,4,5,3,5,220,284,62,56,157,2,279,376,219,,237,236
2012,Los Angeles County,Glendora,59,0,8,27,24,1293,202,73,1018,50,0,11,21,18,418,47,28,343,5,1,1,7,2,8,0,11,2,3,11,9,8,1,0,5,0,4,1,1,8,14,140,62,134,20,69,45,68,41,13,14,65,4,4,0,3,232,221,47,51,147,4,313,393,200,,214,211
2013,Los Angeles County,Glendora,65,2,7,30,26,1340,173,71,1096,46,2,3,17,24,432,36,38,358,3,0,3,6,3,5,2,4,3,3,20,6,10,1,0,3,3,7,3,4,6,13,118,55,114,16,62,36,59,42,4,13,63,5,3,0,3,251,298,56,54,134,2,298,397,182,,246,271
2014,Los Angeles County,Glendora,66,1,11,14,40,1241,176,81,984,48,1,7,10,30,400,29,29,342,4,1,2,7,2,11,0,3,1,1,9,4,6,1,0,0,0,3,2,6,7,25,122,54,124,22,70,32,52,32,8,12,70,6,5,1,6,238,269,47,44,116,1,262,412,139,,194,239
2015,Los Angeles County,Glendora,55,0,6,25,24,1336,183,60,1093,31,0,4,13,14,446,48,28,370,4,0,0,4,4,5,1,6,3,1,15,5,8,2,0,2,1,7,2,1,12,9,136,47,111,26,52,33,72,43,12,17,56,2,2,5,6,285,294,43,42,105,4,309,407,174,,221,291
2016,Los Angeles County,Glendora,70,0,4,16,50,1361,253,72,1036,46,0,5,9,32,356,46,22,288,3,2,6,11,1,3,1,3,2,0,11,5,2,0,0,1,1,7,4,2,22,22,184,69,126,33,56,37,127,61,26,40,58,5,9,2,5,231,332,29,24,51,4,358,353,145,,192,346
2017,Los Angeles County,Glendora,129,0,15,33,81,1533,248,105,1180,80,0,7,15,58,297,27,30,240,1,0,2,3,0,15,0,7,2,8,16,12,8,1,4,1,0,7,2,0,50,29,185,63,117,20,47,50,131,48,26,57,91,1,13,0,1,165,311,3,17,24,2,657,404,153,,242,381
2018,Los Angeles County,Glendora,122,0,23,26,73,1523,222,122,1179,85,0,13,12,60,446,32,47,367,1,3,1,5,1,23,0,5,2,6,13,11,6,1,4,2,0,2,1,0,53,19,162,60,92,16,34,42,130,55,36,39,74,18,30,0,2,139,332,16,29,25,2,634,428,182,,227,342
2019,Los Angeles County,Glendora,155,1,21,38,95,1501,187,73,1241,121,0,17,17,87,530,34,47,449,2,1,3,6,1,21,0,7,1,9,21,12,16,0,5,0,1,4,6,0,68,21,138,49,85,15,28,42,102,47,16,39,39,18,16,0,1,119,339,42,28,48,2,662,447,201,,239,354
2020,Los Angeles County,Glendora,101,0,15,20,66,1200,171,102,927,74,0,4,6,64,335,31,44,260,1,0,3,4,1,14,1,6,1,2,11,10,3,0,3,4,0,0,0,2,43,21,122,49,74,14,31,29,97,33,18,46,70,18,14,0,0,40,322,36,39,19,1,470,384,112,,174,257
2021,Los Angeles County,Glendora,117,0,8,23,86,1135,193,119,823,58,0,1,9,48,128,24,20,84,0,0,3,3,1,7,1,6,3,5,9,5,5,0,0,4,1,8,28,12,35,11,146,47,59,17,20,22,134,37,37,60,108,3,8,0,1,61,218,84,12,35,0,412,,,496,125,202
2022,Los Angeles County,Glendora,138,0,16,32,90,1158,199,90,869,66,0,5,11,50,162,15,11,136,2,0,5,7,1,16,0,6,3,8,15,8,12,0,3,4,1,4,17,16,36,21,158,41,67,25,34,8,132,90,30,12,60,13,17,7,10,168,246,126,24,72,1,215,,,556,116,197
2023,Los Angeles County,Glendora,120,0,15,36,69,1048,189,86,773,61,0,3,15,43,121,12,5,104,3,2,10,15,4,15,0,5,5,11,15,7,10,1,1,4,1,12,9,14,26,20,152,37,51,25,26,0,138,99,37,2,60,17,9,13,12,163,190,109,29,79,1,177,,,510,104,159
2024,Los Angeles County,Glendora,83,0,7,20,56,982,177,86,719,50,0,2,8,40,133,22,6,105,1,0,7,8,3,5,2,4,5,1,10,5,9,0,3,1,0,2,12,12,15,17,144,33,76,33,43,0,101,75,25,1,61,19,6,13,14,146,183,88,16,69,1,189,,,401,123,195
2025,Los Angeles County,Glendora,93,2,14,23,54,719,142,50,527,56,0,8,11,37,138,16,3,119,0,0,10,10,3,12,2,5,2,5,11,8,5,1,2,2,2,3,8,13,25,8,112,30,67,29,37,1,75,44,28,3,36,6,8,11,6,157,102,64,20,47,0,120,,,294,97,136
